,Unnamed: 0,city,link
1251,1251,Armuchee,https://www.city-data.com/city/Armuchee-Georgia.html
1252,1252,"Athens-Clarke County, GA",https://www.city-data.com/city/Athens-Clarke-County-Georgia.html
1253,1253,"Athens, GA",https://www.city-data.com/city/Athens-Georgia.html
1254,1254,"Atlanta, GA",https://www.city-data.com/city/Atlanta-Georgia.html
1255,1255,"Auburn, GA",https://www.city-data.com/city/Auburn-Georgia.html
1256,1256,"Augusta-Richmond County, GA",https://www.city-data.com/city/Augusta-Richmond-County-Georgia.html
1257,1257,"Augusta, GA",https://www.city-data.com/city/Augusta-Georgia.html
1258,1258,Austell,https://www.city-data.com/city/Austell-Georgia.html
1259,1259,"Bainbridge, GA",https://www.city-data.com/city/Bainbridge-Georgia.html
1260,1260,"Barnesville, GA",https://www.city-data.com/city/Barnesville-Georgia.html
1261,1261,Barretts,https://www.city-data.com/city/Barretts-Georgia.html
1262,1262,Belvedere Park,https://www.city-data.com/city/Belvedere-Park-Georgia.html
1263,1263,"Big Creek, GA",https://www.city-data.com/city/Big-Creek-Georgia.html
1264,1264,Bill Arp,https://www.city-data.com/city/Bill-Arp-Georgia.html
1265,1265,Boynton Ridge,https://www.city-data.com/city/Boynton-Ridge-Georgia.html
1266,1266,Braselto,https://www.city-data.com/city/Braselton-Georgia.html
1267,1267,"Bremen, GA",https://www.city-data.com/city/Bremen-Georgia.html
1268,1268,"Brunswick, GA",https://www.city-data.com/city/Brunswick-Georgia.html
1269,1269,"Buford, GA",https://www.city-data.com/city/Buford-Georgia.html
1270,1270,"Cairo, GA",https://www.city-data.com/city/Cairo-Georgia.html
1271,1271,"Calhoun, GA",https://www.city-data.com/city/Calhoun-Georgia.html
1272,1272,"Campton, GA",https://www.city-data.com/city/Campton-Georgia.html
1273,1273,Candler-McAfee,https://www.city-data.com/city/Candler-McAfee-Georgia.html
1274,1274,"Canton, GA",https://www.city-data.com/city/Canton-Georgia.html
1275,1275,"Carrollton, GA",https://www.city-data.com/city/Carrollton-Georgia.html
1276,1276,Carters Lake,https://www.city-data.com/city/Carters-Lake-Georgia.html
1277,1277,Cartersville,https://www.city-data.com/city/Cartersville-Georgia.html
1278,1278,Casey Springs,https://www.city-data.com/city/Casey-Springs-Georgia.html
1279,1279,Catoosa Springs,https://www.city-data.com/city/Catoosa-Springs-Georgia.html
1280,1280,Cedartow,https://www.city-data.com/city/Cedartown-Georgia.html
1281,1281,"Centerville, GA",https://www.city-data.com/city/Centerville-Georgia.html
1282,1282,Chamblee,https://www.city-data.com/city/Chamblee-Georgia.html
1283,1283,Chestatee,https://www.city-data.com/city/Chestatee-Georgia.html
1284,1284,"Clarkston, GA",https://www.city-data.com/city/Clarkston-Georgia.html
1285,1285,"College Park, GA",https://www.city-data.com/city/College-Park-Georgia.html
1286,1286,"Columbus, GA",https://www.city-data.com/city/Columbus-Georgia.html
1287,1287,"Commerce, GA",https://www.city-data.com/city/Commerce-Georgia.html
1288,1288,Conley,https://www.city-data.com/city/Conley-Georgia.html
1289,1289,Conyers,https://www.city-data.com/city/Conyers-Georgia.html
1290,1290,Coopers,https://www.city-data.com/city/Coopers-Georgia.html
1291,1291,Cordele,https://www.city-data.com/city/Cordele-Georgia.html
1292,1292,Country Club Estates,https://www.city-data.com/city/Country-Club-Estates-Georgia.html
1293,1293,"Covington, GA",https://www.city-data.com/city/Covington-Georgia.html
1294,1294,Crandall-Eto,https://www.city-data.com/city/Crandall-Eton-Georgia.html
1295,1295,Culloden-Bolingbroke,https://www.city-data.com/city/Culloden-Bolingbroke-Georgia.html
1296,1296,Dacula-Rocky Creek,https://www.city-data.com/city/Dacula-Rocky-Creek-Georgia.html
1297,1297,Dahloneg,https://www.city-data.com/city/Dahlonega-Georgia.html
1298,1298,"Dallas, GA",https://www.city-data.com/city/Dallas-Georgia.html
1299,1299,"Dalton, GA",https://www.city-data.com/city/Dalton-Georgia.html
1300,1300,"Decatur, GA",https://www.city-data.com/city/Decatur-Georgia.html
1301,1301,Dock Junctio,https://www.city-data.com/city/Dock-Junction-Georgia.html
1302,1302,Doraville,https://www.city-data.com/city/Doraville-Georgia.html
1303,1303,Douglasville,https://www.city-data.com/city/Douglasville-Georgia.html
1304,1304,"Douglas, GA",https://www.city-data.com/city/Douglas-Georgia.html
1305,1305,"Druid Hills, GA",https://www.city-data.com/city/Druid-Hills-Georgia.html
1306,1306,"Dublin, GA",https://www.city-data.com/city/Dublin-Georgia.html
1307,1307,"Duluth, GA",https://www.city-data.com/city/Duluth-Georgia.html
1308,1308,Dunwoody,https://www.city-data.com/city/Dunwoody-Georgia.html
1309,1309,East Dougherty,https://www.city-data.com/city/East-Dougherty-Georgia.html
1310,1310,"East Point, GA",https://www.city-data.com/city/East-Point-Georgia.html
1311,1311,Eatonto,https://www.city-data.com/city/Eatonton-Georgia.html
1312,1312,"Evans, GA",https://www.city-data.com/city/Evans-Georgia.html
1313,1313,"Everett, GA",https://www.city-data.com/city/Everett-Georgia.html
1314,1314,"Fair Oaks, GA",https://www.city-data.com/city/Fair-Oaks-Georgia.html
1315,1315,"Fairburn, GA",https://www.city-data.com/city/Fairburn-Georgia.html
1316,1316,"Fairplay, GA",https://www.city-data.com/city/Fairplay-Georgia.html
1317,1317,"Fairview, GA",https://www.city-data.com/city/Fairview-Georgia.html
1318,1318,"Fayetteville, GA",https://www.city-data.com/city/Fayetteville-Georgia.html
1319,1319,Fitzgerald,https://www.city-data.com/city/Fitzgerald-Georgia.html
1320,1320,Flowery Branch,https://www.city-data.com/city/Flowery-Branch-Georgia.html
1321,1321,"Forest Park, GA",https://www.city-data.com/city/Forest-Park-Georgia.html
1322,1322,Fort Benning South,https://www.city-data.com/city/Fort-Benning-South-Georgia.html
1323,1323,Fort Benning,https://www.city-data.com/city/Fort-Benning-Georgia.html
1324,1324,Fort Gordo,https://www.city-data.com/city/Fort-Gordon-Georgia.html
1325,1325,Fort Oglethorpe,https://www.city-data.com/city/Fort-Oglethorpe-Georgia.html
1326,1326,"Fort Valley, GA",https://www.city-data.com/city/Fort-Valley-Georgia.html
1327,1327,"Gainesville, GA",https://www.city-data.com/city/Gainesville-Georgia.html
1328,1328,"Garden City, GA",https://www.city-data.com/city/Garden-City-Georgia.html
1329,1329,"Georgetown, GA",https://www.city-data.com/city/Georgetown-Georgia.html
1330,1330,Gracewood,https://www.city-data.com/city/Gracewood-Georgia.html
1331,1331,Gray-Griswold,https://www.city-data.com/city/Gray-Griswold-Georgia.html
1332,1332,Gresham Park,https://www.city-data.com/city/Gresham-Park-Georgia.html
1333,1333,"Griffin, GA",https://www.city-data.com/city/Griffin-Georgia.html
1334,1334,Grovetow,https://www.city-data.com/city/Grovetown-Georgia.html
1335,1335,"Hampton, GA",https://www.city-data.com/city/Hampton-Georgia.html
1336,1336,Hapeville,https://www.city-data.com/city/Hapeville-Georgia.html
1337,1337,Hinesville,https://www.city-data.com/city/Hinesville-Georgia.html
1338,1338,"Holly Springs, GA",https://www.city-data.com/city/Holly-Springs-Georgia.html
1339,1339,"Huntsville, GA",https://www.city-data.com/city/Huntsville-Georgia.html
1340,1340,"Irondale, GA",https://www.city-data.com/city/Irondale-Georgia.html
1341,1341,Ivylog,https://www.city-data.com/city/Ivylog-Georgia.html
1342,1342,"Jefferson, GA",https://www.city-data.com/city/Jefferson-Georgia.html
1343,1343,"Jesup, GA",https://www.city-data.com/city/Jesup-Georgia.html
1344,1344,Johns Creek,https://www.city-data.com/city/Johns-Creek-Georgia.html
1345,1345,Juno,https://www.city-data.com/city/Juno-Georgia.html
1346,1346,Kennesaw,https://www.city-data.com/city/Kennesaw-Georgia.html
1347,1347,"Kingsland, GA",https://www.city-data.com/city/Kingsland-Georgia.html
1348,1348,"La Fayette, GA",https://www.city-data.com/city/La-Fayette-Georgia.html
1349,1349,"LaGrange, GA",https://www.city-data.com/city/LaGrange-Georgia.html
1350,1350,Lathemtow,https://www.city-data.com/city/Lathemtown-Georgia.html
1351,1351,"Lawrenceville, GA",https://www.city-data.com/city/Lawrenceville-Georgia.html
1352,1352,Lilbur,https://www.city-data.com/city/Lilburn-Georgia.html
1353,1353,Lithia Springs,https://www.city-data.com/city/Lithia-Springs-Georgia.html
1354,1354,Lizell,https://www.city-data.com/city/Lizella-Georgia.html
1355,1355,"Loganville, GA",https://www.city-data.com/city/Loganville-Georgia.html
1356,1356,Lovejoy,https://www.city-data.com/city/Lovejoy-Georgia.html
1357,1357,Mableto,https://www.city-data.com/city/Mableton-Georgia.html
1358,1358,"Macon, GA",https://www.city-data.com/city/Macon-Georgia.html
1359,1359,"Marietta, GA",https://www.city-data.com/city/Marietta-Georgia.html
1360,1360,"Martinez, GA",https://www.city-data.com/city/Martinez-Georgia.html
1361,1361,"McDonough, GA",https://www.city-data.com/city/McDonough-Georgia.html
1362,1362,"Milledgeville, GA",https://www.city-data.com/city/Milledgeville-Georgia.html
1363,1363,"Milton, GA",https://www.city-data.com/city/Milton-Georgia.html
1364,1364,"Monroe, GA",https://www.city-data.com/city/Monroe-Georgia.html
1365,1365,"Morrow, GA",https://www.city-data.com/city/Morrow-Georgia.html
1366,1366,Mossy Creek,https://www.city-data.com/city/Mossy-Creek-Georgia.html
1367,1367,Moultrie,https://www.city-data.com/city/Moultrie-Georgia.html
1368,1368,"Murrayville, GA",https://www.city-data.com/city/Murrayville-Georgia.html
1369,1369,Nelson-Tate-Marble Hill,https://www.city-data.com/city/Nelson-Tate-Marble-Hill-Georgia.html
1370,1370,Nevils-Stilso,https://www.city-data.com/city/Nevils-Stilson-Georgia.html
1371,1371,New,https://www.city-data.com/city/Newnan-Georgia.html
1372,1372,"Norcross, GA",https://www.city-data.com/city/Norcross-Georgia.html
1373,1373,North Atlant,https://www.city-data.com/city/North-Atlanta-Georgia.html
1374,1374,North Decatur,https://www.city-data.com/city/North-Decatur-Georgia.html
1375,1375,North Druid Hills,https://www.city-data.com/city/North-Druid-Hills-Georgia.html
1376,1376,North Ogeechee,https://www.city-data.com/city/North-Ogeechee-Georgia.html
1377,1377,North Rockdale,https://www.city-data.com/city/North-Rockdale-Georgia.html
1378,1378,North Whitfield,https://www.city-data.com/city/North-Whitfield-Georgia.html
1379,1379,"Northeast Cobb, GA",https://www.city-data.com/city/Northeast-Cobb-Georgia.html
1380,1380,Panthersville,https://www.city-data.com/city/Panthersville-Georgia.html
1381,1381,Peachtree City,https://www.city-data.com/city/Peachtree-City-Georgia.html
1382,1382,"Perry, GA",https://www.city-data.com/city/Perry-Georgia.html
1383,1383,Philem,https://www.city-data.com/city/Philema-Georgia.html
1384,1384,"Phoenix, GA",https://www.city-data.com/city/Phoenix-Georgia.html
1385,1385,Pooler-Burroughs,https://www.city-data.com/city/Pooler-Burroughs-Georgia.html
1386,1386,Pooler,https://www.city-data.com/city/Pooler-Georgia.html
1387,1387,Port Wentworth,https://www.city-data.com/city/Port-Wentworth-Georgia.html
1388,1388,Powder Springs,https://www.city-data.com/city/Powder-Springs-Georgia.html
1389,1389,"Red Bud, GA",https://www.city-data.com/city/Red-Bud-Georgia.html
1390,1390,Red,https://www.city-data.com/city/Redan-Georgia.html
1391,1391,Richmond Hill,https://www.city-data.com/city/Richmond-Hill-Georgia.html
1392,1392,"Rincon, GA",https://www.city-data.com/city/Rincon-Georgia.html
1393,1393,"Riverdale, GA",https://www.city-data.com/city/Riverdale-Georgia.html
1394,1394,"Rome, GA",https://www.city-data.com/city/Rome-Georgia.html
1395,1395,Rossville-Beverly Hills,https://www.city-data.com/city/Rossville-Beverly-Hills-Georgia.html
1396,1396,"Roswell, GA",https://www.city-data.com/city/Roswell-Georgia.html
1397,1397,"Rutland, GA",https://www.city-data.com/city/Rutland-Georgia.html
1398,1398,"Sandy Springs, GA",https://www.city-data.com/city/Sandy-Springs-Georgia.html
1399,1399,"Savannah, GA",https://www.city-data.com/city/Savannah-Georgia.html
1400,1400,"Scottdale, GA",https://www.city-data.com/city/Scottdale-Georgia.html
1401,1401,"Silver City, GA",https://www.city-data.com/city/Silver-City-Georgia.html
1402,1402,Skidaway Island,https://www.city-data.com/city/Skidaway-Island-Georgia.html
1403,1403,"Smyrna, GA",https://www.city-data.com/city/Smyrna-Georgia.html
1404,1404,Snellville,https://www.city-data.com/city/Snellville-Georgia.html
1405,1405,South Rockdale,https://www.city-data.com/city/South-Rockdale-Georgia.html
1406,1406,"St. Marys, GA",https://www.city-data.com/city/St.-Marys-Georgia.html
1407,1407,St. Simons,https://www.city-data.com/city/St.-Simons-Georgia.html
1408,1408,Statesboro,https://www.city-data.com/city/Statesboro-Georgia.html
1409,1409,"Stockbridge, GA",https://www.city-data.com/city/Stockbridge-Georgia.html
1410,1410,Stone Mountai,https://www.city-data.com/city/Stone-Mountain-Georgia.html
1411,1411,"Sugar Hill, GA",https://www.city-data.com/city/Sugar-Hill-Georgia.html
1412,1412,Sugar Valley-Resac,https://www.city-data.com/city/Sugar-Valley-Resaca-Georgia.html
1413,1413,Suwanee,https://www.city-data.com/city/Suwanee-Georgia.html
1414,1414,Swainsboro,https://www.city-data.com/city/Swainsboro-Georgia.html
1415,1415,"Sylvester, GA",https://www.city-data.com/city/Sylvester-Georgia.html
1416,1416,Thalm,https://www.city-data.com/city/Thalmann-Georgia.html
1417,1417,"Thomaston, GA",https://www.city-data.com/city/Thomaston-Georgia.html
1418,1418,"Thomasville, GA",https://www.city-data.com/city/Thomasville-Georgia.html
1419,1419,"Thomson, GA",https://www.city-data.com/city/Thomson-Georgia.html
1420,1420,Three Sisters Mountains,https://www.city-data.com/city/Three-Sisters-Mountains-Georgia.html
1421,1421,Tifto,https://www.city-data.com/city/Tifton-Georgia.html
1422,1422,Tocco,https://www.city-data.com/city/Toccoa-Georgia.html
1423,1423,"Tucker, GA",https://www.city-data.com/city/Tucker-Georgia.html
1424,1424,Tybee Island-Wilmingto,https://www.city-data.com/city/Tybee-Island-Wilmington-Georgia.html
1425,1425,"Tyrone, GA",https://www.city-data.com/city/Tyrone-Georgia.html
1426,1426,"Union City, GA",https://www.city-data.com/city/Union-City-Georgia.html
1427,1427,Valdost,https://www.city-data.com/city/Valdosta-Georgia.html
1428,1428,"Valley, GA",https://www.city-data.com/city/Valley-Georgia.html
1429,1429,"Vidalia, GA",https://www.city-data.com/city/Vidalia-Georgia.html
1430,1430,Villa Ric,https://www.city-data.com/city/Villa-Rica-Georgia.html
1431,1431,Vinings,https://www.city-data.com/city/Vinings-Georgia.html
1432,1432,Waresboro,https://www.city-data.com/city/Waresboro-Georgia.html
1433,1433,Warner Robins,https://www.city-data.com/city/Warner-Robins-Georgia.html
1434,1434,Washington-Metasville,https://www.city-data.com/city/Washington-Metasville-Georgia.html
1435,1435,Waycross,https://www.city-data.com/city/Waycross-Georgia.html
1436,1436,West Dougherty,https://www.city-data.com/city/West-Dougherty-Georgia.html
1437,1437,"West Jackson, GA",https://www.city-data.com/city/West-Jackson-Georgia.html
1438,1438,"Westside, GA",https://www.city-data.com/city/Westside-Georgia.html
1439,1439,White-Pine Log,https://www.city-data.com/city/White-Pine-Log-Georgia.html
1440,1440,Whitemarsh Island,https://www.city-data.com/city/Whitemarsh-Island-Georgia.html
1441,1441,Wilmington Island,https://www.city-data.com/city/Wilmington-Island-Georgia.html
1442,1442,Winder,https://www.city-data.com/city/Winder-Georgia.html
1443,1443,"Winston, GA",https://www.city-data.com/city/Winston-Georgia.html
1444,1444,"Woodstock, GA",https://www.city-data.com/city/Woodstock-Georgia.html
1445,1445,Yellow River,https://www.city-data.com/city/Yellow-River-Georgia.html
1446,1446,"Yorkville, GA",https://www.city-data.com/city/Yorkville-Georgia.html
1447,1447,Zenith,https://www.city-data.com/city/Zenith-Georgia.html
1448,1448,Ahuimanu,https://www.city-data.com/city/Ahuimanu-Hawaii.html
1449,1449,Aie,https://www.city-data.com/city/Aiea-Hawaii.html
1450,1450,East Honolulu,https://www.city-data.com/city/East-Honolulu-Hawaii.html
1451,1451,Ewa Beach,https://www.city-data.com/city/Ewa-Beach-Hawaii.html
1452,1452,Ewa Gentry,https://www.city-data.com/city/Ewa-Gentry-Hawaii.html
1453,1453,Ewa Villages,https://www.city-data.com/city/Ewa-Villages-Hawaii.html
1454,1454,"Ewa, HI",https://www.city-data.com/city/Ewa-Hawaii.html
1455,1455,Haiku-Pauwel,https://www.city-data.com/city/Haiku-Pauwela-Hawaii.html
1456,1456,Halaw,https://www.city-data.com/city/Halawa-Hawaii.html
1457,1457,Hawaiian Paradise Park,https://www.city-data.com/city/Hawaiian-Paradise-Park-Hawaii.html
1458,1458,Hickam Housing,https://www.city-data.com/city/Hickam-Housing-Hawaii.html
1459,1459,Hilo,https://www.city-data.com/city/Hilo-Hawaii.html
1460,1460,Holualo,https://www.city-data.com/city/Holualoa-Hawaii.html
1461,1461,"Honolulu, HI",https://www.city-data.com/city/Honolulu-Hawaii.html
1462,1462,Kahului,https://www.city-data.com/city/Kahului-Hawaii.html
1463,1463,Kailu,https://www.city-data.com/city/Kailua-Hawaii.html
1464,1464,Kalao,https://www.city-data.com/city/Kalaoa-Hawaii.html
1465,1465,Kaneohe Statio,https://www.city-data.com/city/Kaneohe-Station-Hawaii.html
1466,1466,Kaneohe,https://www.city-data.com/city/Kaneohe-Hawaii.html
1467,1467,Kap,https://www.city-data.com/city/Kapaa-Hawaii.html
1468,1468,Kapolei,https://www.city-data.com/city/Kapolei-Hawaii.html
1469,1469,Kau,https://www.city-data.com/city/Kau-Hawaii.html
1470,1470,Kihei,https://www.city-data.com/city/Kihei-Hawaii.html
1471,1471,Koolaulo,https://www.city-data.com/city/Koolauloa-Hawaii.html
1472,1472,"Koolaupoko, HI",https://www.city-data.com/city/Koolaupoko-Hawaii.html
1473,1473,Kul,https://www.city-data.com/city/Kula-Hawaii.html
1474,1474,Lahai,https://www.city-data.com/city/Lahaina-Hawaii.html
1475,1475,Laie,https://www.city-data.com/city/Laie-Hawaii.html
1476,1476,Lihue,https://www.city-data.com/city/Lihue-Hawaii.html
1477,1477,Maili,https://www.city-data.com/city/Maili-Hawaii.html
1478,1478,Makah,https://www.city-data.com/city/Makaha-Hawaii.html
1479,1479,Makakilo City,https://www.city-data.com/city/Makakilo-City-Hawaii.html
1480,1480,Makakilo,https://www.city-data.com/city/Makakilo-Hawaii.html
1481,1481,Makawao,https://www.city-data.com/city/Makawao-Hawaii.html
1482,1482,Mililani Mauk,https://www.city-data.com/city/Mililani-Mauka-Hawaii.html
1483,1483,Mililani Tow,https://www.city-data.com/city/Mililani-Town-Hawaii.html
1484,1484,Nanakuli,https://www.city-data.com/city/Nanakuli-Hawaii.html
1485,1485,Napili-Honokowai,https://www.city-data.com/city/Napili-Honokowai-Hawaii.html
1486,1486,North Kohal,https://www.city-data.com/city/North-Kohala-Hawaii.html
1487,1487,North Ko,https://www.city-data.com/city/North-Kona-Hawaii.html
1488,1488,Ocean Pointe,https://www.city-data.com/city/Ocean-Pointe-Hawaii.html
1489,1489,Pahoa-Kalap,https://www.city-data.com/city/Pahoa-Kalapana-Hawaii.html
1490,1490,"Pearl City, HI",https://www.city-data.com/city/Pearl-City-Hawaii.html
1491,1491,Pukalani,https://www.city-data.com/city/Pukalani-Hawaii.html
1492,1492,Royal Kuni,https://www.city-data.com/city/Royal-Kunia-Hawaii.html
1493,1493,Schofield Barracks,https://www.city-data.com/city/Schofield-Barracks-Hawaii.html
1494,1494,South Kohal,https://www.city-data.com/city/South-Kohala-Hawaii.html
1495,1495,South Ko,https://www.city-data.com/city/South-Kona-Hawaii.html
1496,1496,"Urban Honolulu, HI",https://www.city-data.com/city/Urban-Honolulu-Hawaii.html
1497,1497,"Village Park, HI",https://www.city-data.com/city/Village-Park-Hawaii.html
1498,1498,Wahiaw,https://www.city-data.com/city/Wahiawa-Hawaii.html
1499,1499,Waianae,https://www.city-data.com/city/Waianae-Hawaii.html
