,Unnamed: 0,city,link
501,501,Firebaugh,https://www.city-data.com/city/Firebaugh-California.html
502,502,Florence-Graham,https://www.city-data.com/city/Florence-Graham-California.html
503,503,Flori,https://www.city-data.com/city/Florin-California.html
504,504,"Folsom, CA",https://www.city-data.com/city/Folsom-California.html
505,505,"Fontana, CA",https://www.city-data.com/city/Fontana-California.html
506,506,Foothill Farms,https://www.city-data.com/city/Foothill-Farms-California.html
507,507,Foothill Ranch,https://www.city-data.com/city/Foothill-Ranch-California.html
508,508,Foresthill-Back Country,https://www.city-data.com/city/Foresthill-Back-Country-California.html
509,509,"Fort Bragg, CA",https://www.city-data.com/city/Fort-Bragg-California.html
510,510,Fort Irwi,https://www.city-data.com/city/Fort-Irwin-California.html
511,511,"Fortuna, CA",https://www.city-data.com/city/Fortuna-California.html
512,512,Foster City,https://www.city-data.com/city/Foster-City-California.html
513,513,Fountain Valley,https://www.city-data.com/city/Fountain-Valley-California.html
514,514,"Fowler, CA",https://www.city-data.com/city/Fowler-California.html
515,515,"Franklin, CA",https://www.city-data.com/city/Franklin-California.html
516,516,"Fremont, CA",https://www.city-data.com/city/Fremont-California.html
517,517,French Valley,https://www.city-data.com/city/French-Valley-California.html
518,518,"Fresno, CA",https://www.city-data.com/city/Fresno-California.html
519,519,"Fullerton, CA",https://www.city-data.com/city/Fullerton-California.html
520,520,"Galt, CA",https://www.city-data.com/city/Galt-California.html
521,521,Garberville,https://www.city-data.com/city/Garberville-California.html
522,522,Garden Acres,https://www.city-data.com/city/Garden-Acres-California.html
523,523,"Garden Grove, CA",https://www.city-data.com/city/Garden-Grove-California.html
524,524,"Gardena, CA",https://www.city-data.com/city/Gardena-California.html
525,525,Garnet,https://www.city-data.com/city/Garnet-California.html
526,526,Gilroy,https://www.city-data.com/city/Gilroy-California.html
527,527,Glen Avo,https://www.city-data.com/city/Glen-Avon-California.html
528,528,"Glendale, CA",https://www.city-data.com/city/Glendale-California.html
529,529,"Glendora, CA",https://www.city-data.com/city/Glendora-California.html
530,530,Gold River,https://www.city-data.com/city/Gold-River-California.html
531,531,Golden Hills,https://www.city-data.com/city/Golden-Hills-California.html
532,532,Golet,https://www.city-data.com/city/Goleta-California.html
533,533,"Gonzales, CA",https://www.city-data.com/city/Gonzales-California.html
534,534,"Good Hope, CA",https://www.city-data.com/city/Good-Hope-California.html
535,535,Grand Terrace,https://www.city-data.com/city/Grand-Terrace-California.html
536,536,Granite Bay,https://www.city-data.com/city/Granite-Bay-California.html
537,537,"Grass Valley, CA",https://www.city-data.com/city/Grass-Valley-California.html
538,538,Greenfield-Panam,https://www.city-data.com/city/Greenfield-Panama-California.html
539,539,"Greenfield, CA",https://www.city-data.com/city/Greenfield-California.html
540,540,"Gridley, CA",https://www.city-data.com/city/Gridley-California.html
541,541,Grover Beach,https://www.city-data.com/city/Grover-Beach-California.html
542,542,"Guadalupe, CA",https://www.city-data.com/city/Guadalupe-California.html
543,543,Hacienda Heights,https://www.city-data.com/city/Hacienda-Heights-California.html
544,544,Half Moon Bay,https://www.city-data.com/city/Half-Moon-Bay-California.html
545,545,Hanford,https://www.city-data.com/city/Hanford-California.html
546,546,Hawaiian Gardens,https://www.city-data.com/city/Hawaiian-Gardens-California.html
547,547,"Hawthorne, CA",https://www.city-data.com/city/Hawthorne-California.html
548,548,"Hayward, CA",https://www.city-data.com/city/Hayward-California.html
549,549,Healdsburg,https://www.city-data.com/city/Healdsburg-California.html
550,550,Hemet,https://www.city-data.com/city/Hemet-California.html
551,551,Hercules,https://www.city-data.com/city/Hercules-California.html
552,552,Hermosa Beach,https://www.city-data.com/city/Hermosa-Beach-California.html
553,553,"Hesperia, CA",https://www.city-data.com/city/Hesperia-California.html
554,554,"Highland, CA",https://www.city-data.com/city/Highland-California.html
555,555,"Hillsborough, CA",https://www.city-data.com/city/Hillsborough-California.html
556,556,"Hollister, CA",https://www.city-data.com/city/Hollister-California.html
557,557,"Holtville, CA",https://www.city-data.com/city/Holtville-California.html
558,558,Home Gardens,https://www.city-data.com/city/Home-Gardens-California.html
559,559,Hughso,https://www.city-data.com/city/Hughson-California.html
560,560,"Huntington Beach, CA",https://www.city-data.com/city/Huntington-Beach-California.html
561,561,Huntington Park,https://www.city-data.com/city/Huntington-Park-California.html
562,562,"Huron, CA",https://www.city-data.com/city/Huron-California.html
563,563,Idyllwild,https://www.city-data.com/city/Idyllwild-California.html
564,564,Imperial Beach,https://www.city-data.com/city/Imperial-Beach-California.html
565,565,"Imperial, CA",https://www.city-data.com/city/Imperial-California.html
566,566,"Indio, CA",https://www.city-data.com/city/Indio-California.html
567,567,"Inglewood, CA",https://www.city-data.com/city/Inglewood-California.html
568,568,"Interlaken, CA",https://www.city-data.com/city/Interlaken-California.html
569,569,"Ione, CA",https://www.city-data.com/city/Ione-California.html
570,570,"Irvine, CA",https://www.city-data.com/city/Irvine-California.html
571,571,Isla Vist,https://www.city-data.com/city/Isla-Vista-California.html
572,572,Jamul,https://www.city-data.com/city/Jamul-California.html
573,573,Joshua Tree,https://www.city-data.com/city/Joshua-Tree-California.html
574,574,"Jurupa, CA",https://www.city-data.com/city/Jurupa-California.html
575,575,Kentfield,https://www.city-data.com/city/Kentfield-California.html
576,576,Kerm,https://www.city-data.com/city/Kerman-California.html
577,577,"King City, CA",https://www.city-data.com/city/King-City-California.html
578,578,Kingsburg,https://www.city-data.com/city/Kingsburg-California.html
579,579,La Canada Flintridge,https://www.city-data.com/city/La-Canada-Flintridge-California.html
580,580,La Crescenta-Montrose,https://www.city-data.com/city/La-Crescenta-Montrose-California.html
581,581,La Habr,https://www.city-data.com/city/La-Habra-California.html
582,582,"La Mesa, CA",https://www.city-data.com/city/La-Mesa-California.html
583,583,La Mirad,https://www.city-data.com/city/La-Mirada-California.html
584,584,La Palm,https://www.city-data.com/city/La-Palma-California.html
585,585,"La Presa, CA",https://www.city-data.com/city/La-Presa-California.html
586,586,La Puente,https://www.city-data.com/city/La-Puente-California.html
587,587,La Quint,https://www.city-data.com/city/La-Quinta-California.html
588,588,La Rivier,https://www.city-data.com/city/La-Riviera-California.html
589,589,La Verne,https://www.city-data.com/city/La-Verne-California.html
590,590,Ladera Heights,https://www.city-data.com/city/Ladera-Heights-California.html
591,591,Ladera Ranch,https://www.city-data.com/city/Ladera-Ranch-California.html
592,592,"Lafayette, CA",https://www.city-data.com/city/Lafayette-California.html
593,593,"Laguna Beach, CA",https://www.city-data.com/city/Laguna-Beach-California.html
594,594,Laguna Hills,https://www.city-data.com/city/Laguna-Hills-California.html
595,595,Laguna Niguel,https://www.city-data.com/city/Laguna-Niguel-California.html
596,596,Laguna West-Lakeside,https://www.city-data.com/city/Laguna-West-Lakeside-California.html
597,597,Laguna Woods,https://www.city-data.com/city/Laguna-Woods-California.html
598,598,"Laguna, CA",https://www.city-data.com/city/Laguna-California.html
599,599,"Lake Arrowhead, CA",https://www.city-data.com/city/Lake-Arrowhead-California.html
600,600,Lake Elsinore,https://www.city-data.com/city/Lake-Elsinore-California.html
601,601,"Lake Forest, CA",https://www.city-data.com/city/Lake-Forest-California.html
602,602,Lake Los Angeles,https://www.city-data.com/city/Lake-Los-Angeles-California.html
603,603,Lake Mathews,https://www.city-data.com/city/Lake-Mathews-California.html
604,604,Lake Tahoe,https://www.city-data.com/city/Lake-Tahoe-California.html
605,605,Lakeland Village,https://www.city-data.com/city/Lakeland-Village-California.html
606,606,"Lakeside, CA",https://www.city-data.com/city/Lakeside-California.html
607,607,"Lakewood, CA",https://www.city-data.com/city/Lakewood-California.html
608,608,"Lamont, CA",https://www.city-data.com/city/Lamont-California.html
609,609,"Lancaster, CA",https://www.city-data.com/city/Lancaster-California.html
610,610,Larkfield-Wikiup,https://www.city-data.com/city/Larkfield-Wikiup-California.html
611,611,"Larkspur, CA",https://www.city-data.com/city/Larkspur-California.html
612,612,"Lathrop, CA",https://www.city-data.com/city/Lathrop-California.html
613,613,"Lawndale, CA",https://www.city-data.com/city/Lawndale-California.html
614,614,"Lemon Grove, CA",https://www.city-data.com/city/Lemon-Grove-California.html
615,615,Lemon Hill,https://www.city-data.com/city/Lemon-Hill-California.html
616,616,Lemoore Statio,https://www.city-data.com/city/Lemoore-Station-California.html
617,617,Lemoore,https://www.city-data.com/city/Lemoore-California.html
618,618,"Lennox, CA",https://www.city-data.com/city/Lennox-California.html
619,619,"Lincoln, CA",https://www.city-data.com/city/Lincoln-California.html
620,620,Linda Rural,https://www.city-data.com/city/Linda-Rural-California.html
621,621,Lind,https://www.city-data.com/city/Linda-California.html
622,622,"Lindsay, CA",https://www.city-data.com/city/Lindsay-California.html
623,623,"Live Oak, CA",https://www.city-data.com/city/Live-Oak-California.html
624,624,"Livermore, CA",https://www.city-data.com/city/Livermore-California.html
625,625,"Livingston, CA",https://www.city-data.com/city/Livingston-California.html
626,626,"Lodi, CA",https://www.city-data.com/city/Lodi-California.html
627,627,"Loma Linda, CA",https://www.city-data.com/city/Loma-Linda-California.html
628,628,Lomit,https://www.city-data.com/city/Lomita-California.html
629,629,Lompoc Valley,https://www.city-data.com/city/Lompoc-Valley-California.html
630,630,Lompoc,https://www.city-data.com/city/Lompoc-California.html
631,631,"Long Beach, CA",https://www.city-data.com/city/Long-Beach-California.html
632,632,Loomis Basin-Folsom Lake,https://www.city-data.com/city/Loomis-Basin-Folsom-Lake-California.html
633,633,"Loomis, CA",https://www.city-data.com/city/Loomis-California.html
634,634,Los Alamitos,https://www.city-data.com/city/Los-Alamitos-California.html
635,635,Los Altos Hills,https://www.city-data.com/city/Los-Altos-Hills-California.html
636,636,"Los Altos, CA",https://www.city-data.com/city/Los-Altos-California.html
637,637,"Los Angeles, CA",https://www.city-data.com/city/Los-Angeles-California.html
638,638,Los Banos,https://www.city-data.com/city/Los-Banos-California.html
639,639,Los Gatos,https://www.city-data.com/city/Los-Gatos-California.html
640,640,Los Osos,https://www.city-data.com/city/Los-Osos-California.html
641,641,Lucas Valley-Marinwood,https://www.city-data.com/city/Lucas-Valley-Marinwood-California.html
642,642,"Lynwood, CA",https://www.city-data.com/city/Lynwood-California.html
643,643,Madera Acres,https://www.city-data.com/city/Madera-Acres-California.html
644,644,Mader,https://www.city-data.com/city/Madera-California.html
645,645,Magali,https://www.city-data.com/city/Magalia-California.html
646,646,Malibu,https://www.city-data.com/city/Malibu-California.html
647,647,Mammoth Lakes,https://www.city-data.com/city/Mammoth-Lakes-California.html
648,648,"Manhattan Beach, CA",https://www.city-data.com/city/Manhattan-Beach-California.html
649,649,Mantec,https://www.city-data.com/city/Manteca-California.html
650,650,Marina del Rey,https://www.city-data.com/city/Marina-del-Rey-California.html
651,651,Mari,https://www.city-data.com/city/Marina-California.html
652,652,"Martinez, CA",https://www.city-data.com/city/Martinez-California.html
653,653,Marysville Rural,https://www.city-data.com/city/Marysville-Rural-California.html
654,654,"Marysville, CA",https://www.city-data.com/city/Marysville-California.html
655,655,"Mather, CA",https://www.city-data.com/city/Mather-California.html
656,656,"Maywood, CA",https://www.city-data.com/city/Maywood-California.html
657,657,"McFarland, CA",https://www.city-data.com/city/McFarland-California.html
658,658,McKinleyville,https://www.city-data.com/city/McKinleyville-California.html
659,659,Mead Valley,https://www.city-data.com/city/Mead-Valley-California.html
660,660,"Mecca, CA",https://www.city-data.com/city/Mecca-California.html
661,661,"Mendota, CA",https://www.city-data.com/city/Mendota-California.html
662,662,"Menifee, CA",https://www.city-data.com/city/Menifee-California.html
663,663,Menlo Park,https://www.city-data.com/city/Menlo-Park-California.html
664,664,"Mentone, CA",https://www.city-data.com/city/Mentone-California.html
665,665,Merced,https://www.city-data.com/city/Merced-California.html
666,666,Midway City,https://www.city-data.com/city/Midway-City-California.html
667,667,Mill Valley,https://www.city-data.com/city/Mill-Valley-California.html
668,668,Millbrae,https://www.city-data.com/city/Millbrae-California.html
669,669,Milpitas,https://www.city-data.com/city/Milpitas-California.html
670,670,Mira Lom,https://www.city-data.com/city/Mira-Loma-California.html
671,671,Mira Monte,https://www.city-data.com/city/Mira-Monte-California.html
672,672,Mission Viejo,https://www.city-data.com/city/Mission-Viejo-California.html
673,673,"Modesto, CA",https://www.city-data.com/city/Modesto-California.html
674,674,"Monrovia, CA",https://www.city-data.com/city/Monrovia-California.html
675,675,"Montclair, CA",https://www.city-data.com/city/Montclair-California.html
676,676,"Montebello, CA",https://www.city-data.com/city/Montebello-California.html
677,677,Montecito,https://www.city-data.com/city/Montecito-California.html
678,678,"Monterey Park, CA",https://www.city-data.com/city/Monterey-Park-California.html
679,679,"Monterey, CA",https://www.city-data.com/city/Monterey-California.html
680,680,Moorpark,https://www.city-data.com/city/Moorpark-California.html
681,681,Morag,https://www.city-data.com/city/Moraga-California.html
682,682,"Moreno Valley, CA",https://www.city-data.com/city/Moreno-Valley-California.html
683,683,Morgan Hill,https://www.city-data.com/city/Morgan-Hill-California.html
684,684,Morro Bay,https://www.city-data.com/city/Morro-Bay-California.html
685,685,Mount Baldy-Wrightwood,https://www.city-data.com/city/Mount-Baldy-Wrightwood-California.html
686,686,Mountain Empire,https://www.city-data.com/city/Mountain-Empire-California.html
687,687,Mountain House,https://www.city-data.com/city/Mountain-House-California.html
688,688,"Mountain View, CA",https://www.city-data.com/city/Mountain-View-California.html
689,689,"Murrieta, CA",https://www.city-data.com/city/Murrieta-California.html
690,690,Muscoy,https://www.city-data.com/city/Muscoy-California.html
691,691,Nap,https://www.city-data.com/city/Napa-California.html
692,692,National City,https://www.city-data.com/city/National-City-California.html
693,693,"Newark, CA",https://www.city-data.com/city/Newark-California.html
694,694,Newberry-Baker,https://www.city-data.com/city/Newberry-Baker-California.html
695,695,"Newhall, CA",https://www.city-data.com/city/Newhall-California.html
696,696,"Newman, CA",https://www.city-data.com/city/Newman-California.html
697,697,Newport Beach,https://www.city-data.com/city/Newport-Beach-California.html
698,698,Nipomo,https://www.city-data.com/city/Nipomo-California.html
699,699,"Norco, CA",https://www.city-data.com/city/Norco-California.html
700,700,"North Antelope Valley, CA",https://www.city-data.com/city/North-Antelope-Valley-California.html
701,701,North Aubur,https://www.city-data.com/city/North-Auburn-California.html
702,702,North Coastal,https://www.city-data.com/city/North-Coastal-California.html
703,703,"North Coast, CA",https://www.city-data.com/city/North-Coast-California.html
704,704,North El Dorado,https://www.city-data.com/city/North-El-Dorado-California.html
705,705,North Fair Oaks,https://www.city-data.com/city/North-Fair-Oaks-California.html
706,706,North Highlands,https://www.city-data.com/city/North-Highlands-California.html
707,707,North Tusti,https://www.city-data.com/city/North-Tustin-California.html
708,708,Northeast Mari,https://www.city-data.com/city/Northeast-Marin-California.html
709,709,Northwest Mari,https://www.city-data.com/city/Northwest-Marin-California.html
710,710,"Norwalk, CA",https://www.city-data.com/city/Norwalk-California.html
711,711,Novato,https://www.city-data.com/city/Novato-California.html
712,712,Nuevo,https://www.city-data.com/city/Nuevo-California.html
713,713,"Oak Hills, CA",https://www.city-data.com/city/Oak-Hills-California.html
714,714,"Oak Park, CA",https://www.city-data.com/city/Oak-Park-California.html
715,715,"Oakdale, CA",https://www.city-data.com/city/Oakdale-California.html
716,716,Oakhurst-North Fork,https://www.city-data.com/city/Oakhurst-North-Fork-California.html
717,717,"Oakland, CA",https://www.city-data.com/city/Oakland-California.html
718,718,"Oakley, CA",https://www.city-data.com/city/Oakley-California.html
719,719,"Oasis, CA",https://www.city-data.com/city/Oasis-California.html
720,720,Oceano,https://www.city-data.com/city/Oceano-California.html
721,721,"Oceanside, CA",https://www.city-data.com/city/Oceanside-California.html
722,722,Oildale,https://www.city-data.com/city/Oildale-California.html
723,723,Ojai,https://www.city-data.com/city/Ojai-California.html
724,724,Olivehurst,https://www.city-data.com/city/Olivehurst-California.html
725,725,"Ontario, CA",https://www.city-data.com/city/Ontario-California.html
726,726,Orange Cove,https://www.city-data.com/city/Orange-Cove-California.html
727,727,Orangevale,https://www.city-data.com/city/Orangevale-California.html
728,728,"Orange, CA",https://www.city-data.com/city/Orange-California.html
729,729,Orcutt,https://www.city-data.com/city/Orcutt-California.html
730,730,Orind,https://www.city-data.com/city/Orinda-California.html
731,731,"Orland, CA",https://www.city-data.com/city/Orland-California.html
732,732,Orosi,https://www.city-data.com/city/Orosi-California.html
733,733,Oroville East,https://www.city-data.com/city/Oroville-East-California.html
734,734,"Oroville, CA",https://www.city-data.com/city/Oroville-California.html
735,735,"Oxnard, CA",https://www.city-data.com/city/Oxnard-California.html
736,736,Pacific Grove,https://www.city-data.com/city/Pacific-Grove-California.html
737,737,Pacific,https://www.city-data.com/city/Pacifica-California.html
738,738,Palm Desert,https://www.city-data.com/city/Palm-Desert-California.html
739,739,"Palm Springs, CA",https://www.city-data.com/city/Palm-Springs-California.html
740,740,"Palmdale, CA",https://www.city-data.com/city/Palmdale-California.html
741,741,"Palo Alto, CA",https://www.city-data.com/city/Palo-Alto-California.html
742,742,Palomar-Juli,https://www.city-data.com/city/Palomar-Julian-California.html
743,743,Palos Verdes Estates,https://www.city-data.com/city/Palos-Verdes-Estates-California.html
744,744,Palos Verdes,https://www.city-data.com/city/Palos-Verdes-California.html
745,745,"Paradise, CA",https://www.city-data.com/city/Paradise-California.html
746,746,Paramount,https://www.city-data.com/city/Paramount-California.html
747,747,Parkway-South Sacramento,https://www.city-data.com/city/Parkway-South-Sacramento-California.html
748,748,"Parkway, CA",https://www.city-data.com/city/Parkway-California.html
749,749,Parlier,https://www.city-data.com/city/Parlier-California.html
