,Unnamed: 0,city,link
251,251,"Camden, AR",https://www.city-data.com/city/Camden-Arkansas.html
252,252,Centerto,https://www.city-data.com/city/Centerton-Arkansas.html
253,253,"Clarksville, AR",https://www.city-data.com/city/Clarksville-Arkansas.html
254,254,"Conway, AR",https://www.city-data.com/city/Conway-Arkansas.html
255,255,De Quee,https://www.city-data.com/city/De-Queen-Arkansas.html
256,256,East End,https://www.city-data.com/city/East-End-Arkansas.html
257,257,"El Dorado, AR",https://www.city-data.com/city/El-Dorado-Arkansas.html
258,258,"Farmington, AR",https://www.city-data.com/city/Farmington-Arkansas.html
259,259,"Fayetteville, AR",https://www.city-data.com/city/Fayetteville-Arkansas.html
260,260,Forrest City,https://www.city-data.com/city/Forrest-City-Arkansas.html
261,261,"Fort Smith, AR",https://www.city-data.com/city/Fort-Smith-Arkansas.html
262,262,"Greenwood, AR",https://www.city-data.com/city/Greenwood-Arkansas.html
263,263,"Harrison, AR",https://www.city-data.com/city/Harrison-Arkansas.html
264,264,Heber Springs,https://www.city-data.com/city/Heber-Springs-Arkansas.html
265,265,Helena-West Hele,https://www.city-data.com/city/Helena-West-Helena-Arkansas.html
266,266,"Hope, AR",https://www.city-data.com/city/Hope-Arkansas.html
267,267,Hot Springs Village,https://www.city-data.com/city/Hot-Springs-Village-Arkansas.html
268,268,"Hot Springs, AR",https://www.city-data.com/city/Hot-Springs-Arkansas.html
269,269,"Jacksonville, AR",https://www.city-data.com/city/Jacksonville-Arkansas.html
270,270,"Jonesboro, AR",https://www.city-data.com/city/Jonesboro-Arkansas.html
271,271,"Little Rock, AR",https://www.city-data.com/city/Little-Rock-Arkansas.html
272,272,"Lowell, AR",https://www.city-data.com/city/Lowell-Arkansas.html
273,273,"Magnolia, AR",https://www.city-data.com/city/Magnolia-Arkansas.html
274,274,"Malvern, AR",https://www.city-data.com/city/Malvern-Arkansas.html
275,275,"Marion, AR",https://www.city-data.com/city/Marion-Arkansas.html
276,276,Maumelle,https://www.city-data.com/city/Maumelle-Arkansas.html
277,277,"Monticello, AR",https://www.city-data.com/city/Monticello-Arkansas.html
278,278,Morrilto,https://www.city-data.com/city/Morrilton-Arkansas.html
279,279,"Mountain Home, AR",https://www.city-data.com/city/Mountain-Home-Arkansas.html
280,280,"Newport, AR",https://www.city-data.com/city/Newport-Arkansas.html
281,281,North Little Rock,https://www.city-data.com/city/North-Little-Rock-Arkansas.html
282,282,"Osceola, AR",https://www.city-data.com/city/Osceola-Arkansas.html
283,283,Paragould,https://www.city-data.com/city/Paragould-Arkansas.html
284,284,Pine Bluff,https://www.city-data.com/city/Pine-Bluff-Arkansas.html
285,285,"Pocahontas, AR",https://www.city-data.com/city/Pocahontas-Arkansas.html
286,286,"Rogers, AR",https://www.city-data.com/city/Rogers-Arkansas.html
287,287,"Russellville, AR",https://www.city-data.com/city/Russellville-Arkansas.html
288,288,Searcy,https://www.city-data.com/city/Searcy-Arkansas.html
289,289,"Sherwood, AR",https://www.city-data.com/city/Sherwood-Arkansas.html
290,290,Siloam Springs,https://www.city-data.com/city/Siloam-Springs-Arkansas.html
291,291,"Springdale, AR",https://www.city-data.com/city/Springdale-Arkansas.html
292,292,Stuttgart,https://www.city-data.com/city/Stuttgart-Arkansas.html
293,293,"Texarkana, AR",https://www.city-data.com/city/Texarkana-Arkansas.html
294,294,Trum,https://www.city-data.com/city/Trumann-Arkansas.html
295,295,"Van Buren, AR",https://www.city-data.com/city/Van-Buren-Arkansas.html
296,296,West Hele,https://www.city-data.com/city/West-Helena-Arkansas.html
297,297,West Memphis,https://www.city-data.com/city/West-Memphis-Arkansas.html
298,298,Wynne,https://www.city-data.com/city/Wynne-Arkansas.html
299,299,"Acton, CA",https://www.city-data.com/city/Acton-California.html
300,300,Adelanto,https://www.city-data.com/city/Adelanto-California.html
301,301,Agoura Hills,https://www.city-data.com/city/Agoura-Hills-California.html
302,302,Alamed,https://www.city-data.com/city/Alameda-California.html
303,303,"Alamo, CA",https://www.city-data.com/city/Alamo-California.html
304,304,"Albany, CA",https://www.city-data.com/city/Albany-California.html
305,305,"Alhambra, CA",https://www.city-data.com/city/Alhambra-California.html
306,306,Aliso Viejo,https://www.city-data.com/city/Aliso-Viejo-California.html
307,307,Alondra Park,https://www.city-data.com/city/Alondra-Park-California.html
308,308,"Alpine, CA",https://www.city-data.com/city/Alpine-California.html
309,309,Alta Sierr,https://www.city-data.com/city/Alta-Sierra-California.html
310,310,Altade,https://www.city-data.com/city/Altadena-California.html
311,311,Alum Rock,https://www.city-data.com/city/Alum-Rock-California.html
312,312,American Canyo,https://www.city-data.com/city/American-Canyon-California.html
313,313,"Anaheim, CA",https://www.city-data.com/city/Anaheim-California.html
314,314,"Anderson, CA",https://www.city-data.com/city/Anderson-California.html
315,315,"Antelope, CA",https://www.city-data.com/city/Antelope-California.html
316,316,"Antioch, CA",https://www.city-data.com/city/Antioch-California.html
317,317,"Apple Valley, CA",https://www.city-data.com/city/Apple-Valley-California.html
318,318,Aptos,https://www.city-data.com/city/Aptos-California.html
319,319,"Arcadia, CA",https://www.city-data.com/city/Arcadia-California.html
320,320,Arcat,https://www.city-data.com/city/Arcata-California.html
321,321,Arden-Arcade,https://www.city-data.com/city/Arden-Arcade-California.html
322,322,Arrowhead,https://www.city-data.com/city/Arrowhead-California.html
323,323,Arroyo Grande,https://www.city-data.com/city/Arroyo-Grande-California.html
324,324,"Artesia, CA",https://www.city-data.com/city/Artesia-California.html
325,325,Arvi,https://www.city-data.com/city/Arvin-California.html
326,326,"Ashland, CA",https://www.city-data.com/city/Ashland-California.html
327,327,Atascadero,https://www.city-data.com/city/Atascadero-California.html
328,328,Atherto,https://www.city-data.com/city/Atherton-California.html
329,329,"Atwater, CA",https://www.city-data.com/city/Atwater-California.html
330,330,"Auburn, CA",https://www.city-data.com/city/Auburn-California.html
331,331,August,https://www.city-data.com/city/August-California.html
332,332,Avenal,https://www.city-data.com/city/Avenal-California.html
333,333,Avocado Heights,https://www.city-data.com/city/Avocado-Heights-California.html
334,334,Azus,https://www.city-data.com/city/Azusa-California.html
335,335,"Bakersfield, CA",https://www.city-data.com/city/Bakersfield-California.html
336,336,"Baldwin Park, CA",https://www.city-data.com/city/Baldwin-Park-California.html
337,337,Banning,https://www.city-data.com/city/Banning-California.html
338,338,"Barstow, CA",https://www.city-data.com/city/Barstow-California.html
339,339,Bay Point,https://www.city-data.com/city/Bay-Point-California.html
340,340,Baywood-Los Osos,https://www.city-data.com/city/Baywood-Los-Osos-California.html
341,341,"Beaumont, CA",https://www.city-data.com/city/Beaumont-California.html
342,342,Bell Gardens,https://www.city-data.com/city/Bell-Gardens-California.html
343,343,"Bellflower, CA",https://www.city-data.com/city/Bellflower-California.html
344,344,"Bell, CA",https://www.city-data.com/city/Bell-California.html
345,345,"Belmont, CA",https://www.city-data.com/city/Belmont-California.html
346,346,"Ben Lomond, CA",https://www.city-data.com/city/Ben-Lomond-California.html
347,347,Benici,https://www.city-data.com/city/Benicia-California.html
348,348,"Berkeley, CA",https://www.city-data.com/city/Berkeley-California.html
349,349,Bermuda Dunes,https://www.city-data.com/city/Bermuda-Dunes-California.html
350,350,"Beverly Hills, CA",https://www.city-data.com/city/Beverly-Hills-California.html
351,351,Big Bear City,https://www.city-data.com/city/Big-Bear-City-California.html
352,352,Big Bear,https://www.city-data.com/city/Big-Bear-California.html
353,353,Blackhawk-Camino Tassajar,https://www.city-data.com/city/Blackhawk-Camino-Tassajara-California.html
354,354,"Blackhawk, CA",https://www.city-data.com/city/Blackhawk-California.html
355,355,"Bloomington, CA",https://www.city-data.com/city/Bloomington-California.html
356,356,"Blythe, CA",https://www.city-data.com/city/Blythe-California.html
357,357,Bonadelle Ranchos-Madera Ranchos,https://www.city-data.com/city/Bonadelle-Ranchos-Madera-Ranchos-California.html
358,358,"Bonita, CA",https://www.city-data.com/city/Bonita-California.html
359,359,Bostoni,https://www.city-data.com/city/Bostonia-California.html
360,360,Boyes Hot Springs,https://www.city-data.com/city/Boyes-Hot-Springs-California.html
361,361,Brawley,https://www.city-data.com/city/Brawley-California.html
362,362,Bre,https://www.city-data.com/city/Brea-California.html
363,363,"Brentwood, CA",https://www.city-data.com/city/Brentwood-California.html
364,364,Briones,https://www.city-data.com/city/Briones-California.html
365,365,Buena Park,https://www.city-data.com/city/Buena-Park-California.html
366,366,"Burbank, CA",https://www.city-data.com/city/Burbank-California.html
367,367,"Burlingame, CA",https://www.city-data.com/city/Burlingame-California.html
368,368,Calabasas,https://www.city-data.com/city/Calabasas-California.html
369,369,Calexico,https://www.city-data.com/city/Calexico-California.html
370,370,California City,https://www.city-data.com/city/California-City-California.html
371,371,Calimes,https://www.city-data.com/city/Calimesa-California.html
372,372,Calipatri,https://www.city-data.com/city/Calipatria-California.html
373,373,Camarillo,https://www.city-data.com/city/Camarillo-California.html
374,374,"Cambria, CA",https://www.city-data.com/city/Cambria-California.html
375,375,"Cameron Park, CA",https://www.city-data.com/city/Cameron-Park-California.html
376,376,Camp Pendleton South,https://www.city-data.com/city/Camp-Pendleton-South-California.html
377,377,"Campbell, CA",https://www.city-data.com/city/Campbell-California.html
378,378,"Canyon Lake, CA",https://www.city-data.com/city/Canyon-Lake-California.html
379,379,Capitol,https://www.city-data.com/city/Capitola-California.html
380,380,"Carlsbad, CA",https://www.city-data.com/city/Carlsbad-California.html
381,381,Carmel Valley,https://www.city-data.com/city/Carmel-Valley-California.html
382,382,"Carmel, CA",https://www.city-data.com/city/Carmel-California.html
383,383,Carmichael,https://www.city-data.com/city/Carmichael-California.html
384,384,Carpinteria Valley,https://www.city-data.com/city/Carpinteria-Valley-California.html
385,385,Carpinteri,https://www.city-data.com/city/Carpinteria-California.html
386,386,"Carson, CA",https://www.city-data.com/city/Carson-California.html
387,387,Casa de Oro-Mount Helix,https://www.city-data.com/city/Casa-de-Oro-Mount-Helix-California.html
388,388,Castaic,https://www.city-data.com/city/Castaic-California.html
389,389,Castro Valley,https://www.city-data.com/city/Castro-Valley-California.html
390,390,"Castroville, CA",https://www.city-data.com/city/Castroville-California.html
391,391,Cathedral City,https://www.city-data.com/city/Cathedral-City-California.html
392,392,"Central Coast, CA",https://www.city-data.com/city/Central-Coast-California.html
393,393,Central Colus,https://www.city-data.com/city/Central-Colusa-California.html
394,394,"Central Contra Costa, CA",https://www.city-data.com/city/Central-Contra-Costa-California.html
395,395,Central Shast,https://www.city-data.com/city/Central-Shasta-California.html
396,396,Ceres,https://www.city-data.com/city/Ceres-California.html
397,397,Cerritos,https://www.city-data.com/city/Cerritos-California.html
398,398,"Charter Oak, CA",https://www.city-data.com/city/Charter-Oak-California.html
399,399,"Cherry Valley, CA",https://www.city-data.com/city/Cherry-Valley-California.html
400,400,Cherryland,https://www.city-data.com/city/Cherryland-California.html
401,401,"Chico, CA",https://www.city-data.com/city/Chico-California.html
402,402,Chino Hills,https://www.city-data.com/city/Chino-Hills-California.html
403,403,Chino,https://www.city-data.com/city/Chino-California.html
404,404,Chowchill,https://www.city-data.com/city/Chowchilla-California.html
405,405,Chuckwall,https://www.city-data.com/city/Chuckwalla-California.html
406,406,"Chula Vista, CA",https://www.city-data.com/city/Chula-Vista-California.html
407,407,Citrus Heights,https://www.city-data.com/city/Citrus-Heights-California.html
408,408,Citrus,https://www.city-data.com/city/Citrus-California.html
409,409,"Claremont, CA",https://www.city-data.com/city/Claremont-California.html
410,410,"Clayton, CA",https://www.city-data.com/city/Clayton-California.html
411,411,Clearlake,https://www.city-data.com/city/Clearlake-California.html
412,412,Cloverdale-Geyserville,https://www.city-data.com/city/Cloverdale-Geyserville-California.html
413,413,"Cloverdale, CA",https://www.city-data.com/city/Cloverdale-California.html
414,414,"Clovis, CA",https://www.city-data.com/city/Clovis-California.html
415,415,"Coachella Valley, CA",https://www.city-data.com/city/Coachella-Valley-California.html
416,416,Coachell,https://www.city-data.com/city/Coachella-California.html
417,417,Coaling,https://www.city-data.com/city/Coalinga-California.html
418,418,Colfax-Summit,https://www.city-data.com/city/Colfax-Summit-California.html
419,419,"Colton, CA",https://www.city-data.com/city/Colton-California.html
420,420,"Commerce, CA",https://www.city-data.com/city/Commerce-California.html
421,421,"Compton, CA",https://www.city-data.com/city/Compton-California.html
422,422,"Concord, CA",https://www.city-data.com/city/Concord-California.html
423,423,"Corcoran, CA",https://www.city-data.com/city/Corcoran-California.html
424,424,"Corning, CA",https://www.city-data.com/city/Corning-California.html
425,425,Coronado,https://www.city-data.com/city/Coronado-California.html
426,426,"Corona, CA",https://www.city-data.com/city/Corona-California.html
427,427,Corte Mader,https://www.city-data.com/city/Corte-Madera-California.html
428,428,"Costa Mesa, CA",https://www.city-data.com/city/Costa-Mesa-California.html
429,429,Cotati,https://www.city-data.com/city/Cotati-California.html
430,430,Coto de Caz,https://www.city-data.com/city/Coto-de-Caza-California.html
431,431,"Country Club, CA",https://www.city-data.com/city/Country-Club-California.html
432,432,Covi,https://www.city-data.com/city/Covina-California.html
433,433,"Crescent City, CA",https://www.city-data.com/city/Crescent-City-California.html
434,434,"Crestline, CA",https://www.city-data.com/city/Crestline-California.html
435,435,"Cudahy, CA",https://www.city-data.com/city/Cudahy-California.html
436,436,Culver City,https://www.city-data.com/city/Culver-City-California.html
437,437,Cupertino,https://www.city-data.com/city/Cupertino-California.html
438,438,"Cypress, CA",https://www.city-data.com/city/Cypress-California.html
439,439,"Daly City, CA",https://www.city-data.com/city/Daly-City-California.html
440,440,Dana Point,https://www.city-data.com/city/Dana-Point-California.html
441,441,"Danville, CA",https://www.city-data.com/city/Danville-California.html
442,442,"Davis, CA",https://www.city-data.com/city/Davis-California.html
443,443,Del Aire,https://www.city-data.com/city/Del-Aire-California.html
444,444,"Delano, CA",https://www.city-data.com/city/Delano-California.html
445,445,"Delhi, CA",https://www.city-data.com/city/Delhi-California.html
446,446,Desert Hot Springs,https://www.city-data.com/city/Desert-Hot-Springs-California.html
447,447,Desert Palms,https://www.city-data.com/city/Desert-Palms-California.html
448,448,Diamond Bar,https://www.city-data.com/city/Diamond-Bar-California.html
449,449,Diamond Springs,https://www.city-data.com/city/Diamond-Springs-California.html
450,450,Dinub,https://www.city-data.com/city/Dinuba-California.html
451,451,"Discovery Bay, CA",https://www.city-data.com/city/Discovery-Bay-California.html
452,452,"Dixon, CA",https://www.city-data.com/city/Dixon-California.html
453,453,Donner,https://www.city-data.com/city/Donner-California.html
454,454,"Downey, CA",https://www.city-data.com/city/Downey-California.html
455,455,Duarte,https://www.city-data.com/city/Duarte-California.html
456,456,"Dublin, CA",https://www.city-data.com/city/Dublin-California.html
457,457,Earlimart,https://www.city-data.com/city/Earlimart-California.html
458,458,East Colus,https://www.city-data.com/city/East-Colusa-California.html
459,459,East Compto,https://www.city-data.com/city/East-Compton-California.html
460,460,East Contra Cost,https://www.city-data.com/city/East-Contra-Costa-California.html
461,461,East Foothills,https://www.city-data.com/city/East-Foothills-California.html
462,462,East Hemet,https://www.city-data.com/city/East-Hemet-California.html
463,463,East Ker,https://www.city-data.com/city/East-Kern-California.html
464,464,East La Mirad,https://www.city-data.com/city/East-La-Mirada-California.html
465,465,"East Los Angeles, CA",https://www.city-data.com/city/East-Los-Angeles-California.html
466,466,East Palo Alto,https://www.city-data.com/city/East-Palo-Alto-California.html
467,467,East Pasade,https://www.city-data.com/city/East-Pasadena-California.html
468,468,East Porterville,https://www.city-data.com/city/East-Porterville-California.html
469,469,East Rancho Dominguez,https://www.city-data.com/city/East-Rancho-Dominguez-California.html
470,470,"East San Gabriel Valley, CA",https://www.city-data.com/city/East-San-Gabriel-Valley-California.html
471,471,East San Gabriel,https://www.city-data.com/city/East-San-Gabriel-California.html
472,472,East Shast,https://www.city-data.com/city/East-Shasta-California.html
473,473,East Sonora-Phoenix Lake,https://www.city-data.com/city/East-Sonora-Phoenix-Lake-California.html
474,474,East Yolo,https://www.city-data.com/city/East-Yolo-California.html
475,475,"Eastvale, CA",https://www.city-data.com/city/Eastvale-California.html
476,476,"El Cajon, CA",https://www.city-data.com/city/El-Cajon-California.html
477,477,El Centro,https://www.city-data.com/city/El-Centro-California.html
478,478,El Cerrito,https://www.city-data.com/city/El-Cerrito-California.html
479,479,El Dorado Hills,https://www.city-data.com/city/El-Dorado-Hills-California.html
480,480,"El Monte, CA",https://www.city-data.com/city/El-Monte-California.html
481,481,El Paso de Robles (Paso Robles),https://www.city-data.com/city/El-Paso-de-Robles-Paso-Robles-California.html
482,482,El Rio,https://www.city-data.com/city/El-Rio-California.html
483,483,El Segundo,https://www.city-data.com/city/El-Segundo-California.html
484,484,El Sobrante,https://www.city-data.com/city/El-Sobrante-California.html
485,485,"El Toro, CA",https://www.city-data.com/city/El-Toro-California.html
486,486,"Elk Grove, CA",https://www.city-data.com/city/Elk-Grove-California.html
487,487,Elsinore Valley,https://www.city-data.com/city/Elsinore-Valley-California.html
488,488,Emeryville,https://www.city-data.com/city/Emeryville-California.html
489,489,Encinitas,https://www.city-data.com/city/Encinitas-California.html
490,490,Escalo,https://www.city-data.com/city/Escalon-California.html
491,491,"Escondido, CA",https://www.city-data.com/city/Escondido-California.html
492,492,"Eureka, CA",https://www.city-data.com/city/Eureka-California.html
493,493,"Exeter, CA",https://www.city-data.com/city/Exeter-California.html
494,494,"Fair Oaks, CA",https://www.city-data.com/city/Fair-Oaks-California.html
495,495,"Fairfax, CA",https://www.city-data.com/city/Fairfax-California.html
496,496,"Fairfield, CA",https://www.city-data.com/city/Fairfield-California.html
497,497,"Fairview, CA",https://www.city-data.com/city/Fairview-California.html
498,498,Fallbrook,https://www.city-data.com/city/Fallbrook-California.html
499,499,"Farmersville, CA",https://www.city-data.com/city/Farmersville-California.html
